Pöntun 1;Customer('Viðskiptavinur 7','Stefánnnn','1234567890','Björgvinhot@hotmail.com','8451289');Car('HHH44','Sjö sæta jeppi','Bla','Sjálfskiptur',5000);datetime.date(2019, 3, 6);datetime.date(2019, 3, 10);Grunntrygging;8283838484858585;135000;False
Pöntun 2;Customer('Viðskiptavinur 7','Stefánnnn','1234567890','Björgvinhot@hotmail.com','8451289');Car('YTG56','Smábíll','sdgh','Sjálfskiptur',654);datetime.date(2019, 1, 1);datetime.date(2019, 1, 3);Aukatrygging;9382737474736266;40500;False
Pöntun 3;Customer('Viðskiptavinur 6','Einar Páll','2505983519','einaropr@gmail.com','8662282');Car('KKK69','Smárúta','Coca Cola','Sjálfskiptur',12342134);datetime.date(2018, 12, 12);datetime.date(2018, 12, 14);Grunntrygging;1234123412341234;36000;False
Pöntun 4;Customer('Viðskiptavinur 10','Amma','1122334455','amma@afi.is','5812345');Car('KJX89','Smábíll','Toyota Yaris','Beinskiptur',25000);datetime.date(2018, 12, 12);datetime.date(2018, 12, 14);Grunntrygging;1234123412341234;36000;False
Pöntun 1;Customer('Viðskiptavinur 6','Einar','2505983519','einaropr@gmail.com','8662282');Car('KKK69','Smárúta','Coca Cola','Sjálfskiptur',12342134);datetime.date(2018, 12, 12);datetime.date(2018, 12, 12);Grunntrygging;1234123412341234;32000;True
Pöntun 2;Customer('Viðskiptavinur 6','Einar Oddur Páll Rúnarsson','2505983519','einaropr@gmail.com','8662282');Car('KOP12','Smárúta','VW Type 2','Beinskiptur',150);datetime.date(2018, 12, 12);datetime.date(2018, 12, 12);Aukatrygging;1234123412341234;33500;True
Pöntun 5;Customer('Viðskiptavinur 6','Einar Oddur Páll Rúnarsson','2505983519','einaropr@gmail.com','8662282');Car('YTG56','Smábíll','sdgh','Sjálfskiptur',654);datetime.date(2018, 12, 12);datetime.date(2018, 12, 12);Aukatrygging;1234567890123457;13500;True
Pöntun 7;Customer('Viðskiptavinur 6','Einar Oddur Páll Rúnarsson','2505983519','einaropr@gmail.com','8662282');Car('KJX89','Smábíll','Toyota Yaris','Beinskiptur',25000);datetime.date(2018, 12, 15);datetime.date(2018, 12, 16);Aukatrygging;1234123412345678;27000;False
Pöntun 6;Customer('Viðskiptavinur 10','Amma','1122334455','amma@afi.is','5812345');Car('YTG56','Smábíll','sdgh','Sjálfskiptur',654);datetime.date(3010, 10, 10);datetime.date(3010, 11, 11);Grunntrygging;4560126312381239;396000;False
Pöntun 8;Customer('Viðskiptavinur 11','Afi Sæti','5544332211','afi@amma.is','5432185');Car('WWW11','Fólksbíll','fds','Sjálfskiptur',3322);datetime.date(2019, 7, 21);datetime.date(2019, 7, 22);Grunntrygging;1234567891234567;37000;False
